<?xml version="1.0" encoding="UTF-8"?>
<project-private xmlns="http://www.netbeans.org/ns/project-private/1">
    <editor-bookmarks xmlns="http://www.netbeans.org/ns/editor-bookmarks/2" lastBookmarkId="0"/>
    <open-files xmlns="http://www.netbeans.org/ns/projectui-open-files/2">
        <group>
            <file>file:/home/arturo/NetBeansProjects/dwec-exercise3/app/controllers/EventsController.php</file>
            <file>file:/home/arturo/NetBeansProjects/dwec-exercise3/app/app.php</file>
            <file>file:/home/arturo/NetBeansProjects/dwec-exercise3/app/config/config.php</file>
            <file>file:/home/arturo/NetBeansProjects/dwec-exercise3/app/config/services.php</file>
            <file>file:/home/arturo/NetBeansProjects/dwec-exercise3/app/models/Event.php</file>
        </group>
    </open-files>
</project-private>
